mot,nombre d'occurence
Chapitre,4
I,1
Monsieur,8
Myriel,21
En,5
1815,1
M,28
CharlesFrançoisBienvenu,1
était,48
évêque,11
Digne,16
Cétait,3
vieillard,3
denviron,1
soixantequinze,1
ans,7
occupait,1
siège,2
depuis,3
1806,1
Quoique,1
détail,2
ne,28
touche,1
aucune,2
manière,3
au,28
fond,1
même,11
avons,4
raconter,1
nest,4
peutêtre,3
pas,27
inutile,1
fûtce,1
être,5
exact,1
tout,28
dindiquer,1
ici,5
bruits,1
propos,4
avaient,4
couru,1
son,31
compte,2
moment,6
arrivé,3
diocèse,4
Vrai,1
faux,1
quon,9
dit,16
hommes,5
tient,1
souvent,2
autant,1
place,4
vie,10
surtout,1
destinée,2
quils,2
font,5
fils,4
dun,7
conseiller,1
parlement,1
dAix,2
noblesse,1
robe,1
On,10
contait,1
père,4
réservant,1
hériter,1
sa,31
charge,3
lavait,1
marié,1
fort,8
bonne,1
heure,1
dixhuit,3
vingt,3
suivant,1
usage,1
assez,5
répandu,1
familles,5
parlementaires,2
Charles,3
nonobstant,1
mariage,1
avait,32
disaiton,1
beaucoup,6
fait,16
parler,2
Il,51
bien,16
personne,4
quoique,1
dassez,2
petite,6
taille,2
élégant,1
gracieux,1
spirituel,1
toute,6
première,5
partie,2
été,9
donnée,1
monde,5
aux,15
galanteries,1
La,9
révolution,4
survint,1
événements,1
précipitèrent,1
décimées,1
chassées,1
traquées,1
dispersèrent,1
dès,1
premiers,1
jours,4
émigra,1
Italie,1
Sa,6
femme,7
mourut,1
dune,6
maladie,1
poitrine,1
atteinte,1
longtemps,2
Ils,6
navaient,1
point,2
denfants,1
Que,2
passatil,1
ensuite,3
Lécroulement,1
lancienne,2
société,5
française,1
chute,3
propre,2
famille,6
tragiques,1
spectacles,1
93,1
plus,14
effrayants,1
encore,8
émigrés,1
voyaient,1
loin,2
grossissement,1
lépouvante,1
firentils,1
germer,1
idées,1
renoncement,1
solitude,1
Futil,1
milieu,1
ces,15
distractions,1
affections,1
occupaient,1
subitement,1
atteint,1
coups,2
mystérieux,1
terribles,1
viennent,1
quelquefois,2
renverser,1
frappant,2
coeur,1
lhomme,4
catastrophes,1
publiques,1
nébranleraient,1
existence,1
fortune,2
Nul,1
naurait,1
pu,2
dire,5
savait,4
cest,9
lorsquil,1
revint,1
dItalie,1
prêtre,4
1804,1
curé,7
Brignolles,1
déjà,1
vieux,3
vivait,1
retraite,1
profonde,2
Vers,1
lépoque,1
couronnement,1
affaire,2
cure,1
on,14
sait,1
trop,2
lamena,1
Paris,3
Entre,1
autres,6
personnes,2
puissantes,1
alla,4
solliciter,1
ses,15
paroissiens,1
cardinal,2
Fesch,1
Un,8
jour,8
lempereur,2
venu,2
faire,8
visite,4
oncle,2
digne,1
attendait,1
lantichambre,1
trouva,1
passage,1
majesté,1
Napoléon,1
voyant,1
regardé,1
certaine,1
curiosité,1
retourna,2
brusquement,2
Quel,2
est,15
bonhomme,2
regarde,3
Sire,1
regardez,1
moi,3
grand,3
homme,8
Chacun,1
peut,5
profiter,1
Lempereur,1
soir,2
demanda,2
nom,3
quelque,7
temps,5
après,8
fut,10
surpris,1
dapprendre,1
quil,22
nommé,2
Quy,1
avaitil,1
vrai,2
reste,5
récits,1
faisait,3
Personne,2
Peu,1
connu,1
avant,3
devait,3
subir,2
sort,1
nouveau,1
ville,11
a,23
bouches,1
parlent,1
peu,9
têtes,1
pensent,1
quoiquil,1
fût,2
parce,2
Mais,2
auxquels,1
mêlait,1
nétaient,1
bruit,1
mots,2
paroles,3
moins,8
palabres,1
lénergique,1
langue,1
midi,2
Quoi,1
neuf,1
dépiscopat,1
résidence,1
tous,9
racontages,1
sujets,1
conversation,3
occupent,1
premier,1
petites,3
villes,1
gens,8
étaient,4
tombés,1
oubli,1
profond,1
neût,2
osé,2
sen,3
souvenir,1
accompagné,1
vieille,2
fille,2
mademoiselle,7
Baptistine,7
soeur,5
dix,2
domestique,1
servante,3
âge,1
appelée,1
madame,8
Magloire,9
laquelle,1
avoir,5
Curé,1
prenait,1
maintenant,1
double,1
titre,2
chambre,1
monseigneur,9
Mademoiselle,1
longue,3
pâle,1
mince,1
douce,2
réalisait,1
lidéal,1
quexprime,1
mot,1
«respectable»,1
semble,2
soit,4
nécessaire,2
quune,4
mère,1
vénérable,1
Elle,7
navait,7
jamais,3
jolie,1
suite,1
saintes,2
oeuvres,2
fini,2
mettre,2
sorte,3
blancheur,1
clarté,2
vieillissant,1
gagné,2
pourrait,2
appeler,1
beauté,1
bonté,1
Ce,4
maigreur,1
jeunesse,1
devenu,1
maturité,1
transparence,1
diaphanéité,1
laissait,2
voir,2
lange,2
âme,4
nétait,2
vierge,1
semblait,2
faite,2
dombre,2
peine,2
corps,1
eût,1
là,8
sexe,1
matière,1
contenant,1
lueur,1
grands,2
yeux,4
toujours,5
baissés,1
prétexte,1
terre,2
Madame,3
blanche,1
grasse,1
replète,1
affairée,1
haletante,1
cause,3
activité,1
dabord,2
asthme,1
À,6
arrivée,2
installa,1
palais,6
épiscopal,4
honneurs,1
voulus,1
décrets,1
impériaux,1
classent,1
lévêque,24
immédiatement,1
maréchal,1
camp,1
Le,18
maire,4
président,1
firent,1
côté,1
fit,8
général,2
préfet,1
Linstallation,1
terminée,2
attendit,1
loeuvre,1
II,1
devient,1
Bienvenu,3
attenant,1
lhôpital,8
vaste,1
bel,1
hôtel,1
bâti,1
pierre,1
commencement,1
siècle,2
dernier,1
Henri,2
Puget,2
docteur,1
théologie,1
faculté,1
abbé,2
Simore,1
lequel,3
1712,1
logis,3
seigneurial,1
Tout,2
air,1
appartements,1
salons,2
chambres,3
cour,2
dhonneur,1
large,1
promenoirs,1
arcades,1
selon,3
mode,1
florentine,1
jardins,2
plantés,1
magnifiques,1
arbres,1
Dans,7
salle,6
manger,3
superbe,1
galerie,1
rezdechaussée,2
souvrait,1
donné,3
cérémonie,1
29,2
juillet,2
1714,2
messeigneurs,1
Brûlart,1
Genlis,1
archevêqueprince,1
dEmbrun,2
Antoine,1
Mesgrigny,1
capucin,1
Grasse,1
Philippe,1
Vendôme,1
prieur,1
France,2
SaintHonoré,1
Lérins,1
François,1
Berton,1
Grillon,1
évêquebaron,1
Vence,1
César,2
Sabran,1
Forcalquier,1
évêqueseigneur,2
Glandève,1
Jean,1
Soanen,1
loratoire,1
prédicateur,1
ordinaire,1
roi,3
Senez,2
Les,6
portraits,1
sept,1
révérends,1
personnages,1
décoraient,1
date,1
mémorable,1
gravée,1
lettres,3
dor,1
table,1
marbre,1
blanc,1
Lhôpital,1
maison,5
étroite,1
basse,1
seul,3
étage,1
petit,5
jardin,2
Trois,1
visita,1
prier,1
directeur,7
vouloir,1
venir,1
jusque,1
chez,3
ditil,4
combien,2
avezvous,1
malades,3
Vingtsix,1
Cest,9
javais,2
compté,1
lits,3
reprit,2
sont,9
serrés,1
uns,2
contre,2
remarqué,1
salles,1
lair,2
sy,2
renouvelle,1
difficilement,1
Et,4
puis,2
rayon,1
soleil,1
convalescents,1
disais,1
épidémies,1
eu,4
année,1
typhus,1
suette,1
militaire,1
deux,12
cent,14
savons,1
pensée,1
métait,1
venue,1
voulezvous,1
faut,5
résigner,1
Cette,3
lieu,1
mangergalerie,1
Lévêque,8
garda,1
silence,3
tourna,1
pensezvous,1
tiendrait,2
rien,4
sécria,2
stupéfait,1
parcourait,1
regard,2
mesures,1
calculs,1
parlant,1
luimême,3
Puis,1
élevant,1
voix,1
Tenez,1
monsieur,3
vais,1
évidemment,1
erreur,2
Vous,2
êtes,1
vingtsix,2
cinq,5
six,4
Nous,4
sommes,2
trois,13
soixante,1
dis,1
avez,2
jai,2
vôtre,1
Rendezmoi,1
ma,3
lendemain,2
pauvres,9
installés,1
ayant,1
ruinée,1
touchait,1
rente,2
viagère,1
cents,12
francs,5
presbytère,1
suffisait,1
dépense,2
personnelle,2
recevait,1
létat,1
traitement,2
quinze,8
mille,16
vint,4
loger,1
détermina,1
lemploi,1
somme,2
fois,7
toutes,8
suivante,1
transcrivons,1
note,2
écrite,1
main,2
Note,1
régler,1
dépenses,2
Pour,11
séminaire,1
livres,26
Congrégation,3
mission,1
lazaristes,1
Montdidier,1
Séminaire,1
missions,1
étrangères,1
SaintEsprit,1
cinquante,5
Établissements,1
religieux,1
TerreSainte,1
Sociétés,1
charité,6
maternelle,3
sus,1
celle,2
dArles,1
OEuvre,2
lamélioration,1
prisons,1
quatre,2
soulagement,1
délivrance,1
prisonniers,2
libérer,1
pères,2
dettes,1
Supplément,1
maîtres,3
décole,3
Grenier,1
dabondance,1
HautesAlpes,1
dames,1
Manosque,1
Sisteron,1
lenseignement,1
gratuit,1
filles,3
indigentes,1
Ma,2
Total,2
Pendant,2
occupa,2
changea,1
presque,3
cet,4
arrangement,2
appelait,3
cela,8
voit,2
réglé,2
Cet,2
accepté,1
soumission,1
absolue,1
sainte,1
frère,2
ami,2
nature,1
supérieur,1
léglise,1
laimait,1
vénérait,1
simplement,1
Quand,6
parlait,2
sinclinait,1
agissait,1
adhérait,1
seule,2
murmura,1
remarquer,1
sétait,2
réservé,1
joint,1
pension,1
an,2
Avec,2
vieilles,5
femmes,7
vivaient,1
village,2
venait,2
trouvait,4
moyen,2
traiter,1
grâce,1
sévère,1
économie,1
lintelligente,1
administration,1
jouril,1
environ,1
moislévêque,1
suis,3
gêné,1
Je,7
crois,2
Monseigneur,3
na,1
seulement,2
réclamé,1
département,1
doit,2
frais,7
carrosse,6
tournées,7
évêques,3
dautrefois,1
cétait,4
lusage,1
Tiens,1
raison,2
réclamation,1
Quelque,1
conseil,2
prenant,1
demande,1
considération,1
vota,1
annuelle,1
rubrique,1
Allocation,1
poste,4
pastorales,2
Cela,2
crier,2
bourgeoisie,1
locale,1
occasion,2
sénateur,1
lempire,1
ancien,1
membre,1
cinqcents,1
favorable,1
brumaire,1
pourvu,1
près,5
sénatorerie,1
magnifique,1
écrivit,2
ministre,1
cultes,1
Bigot,1
Préameneu,1
billet,1
irrité,1
confidentiel,1
extrayons,1
lignes,1
authentiques,1
«Des,1
habitants,2
Des,2
bon,4
courir,1
pays,9
montagnes,2
ny,4
routes,2
va,2
quà,3
cheval,1
pont,1
Durance,1
ChâteauArnoux,1
porter,2
charrettes,1
boeufs,1
Ces,2
prêtres,1
ainsi,8
Avides,1
avares,1
Celuici,1
apôtre,1
arrivant,1
Maintenant,1
chaise,2
luxe,1
anciens,1
Oh,2
prêtraille,1
comte,1
choses,7
niront,1
lorsque,1
aura,1
délivrés,1
calotins,1
bas,3
pape,1
affaires,1
brouillaient,1
Rome,1
Quant,3
Etc,1
etc»,1
chose,6
revanche,1
réjouit,1
Bon,1
ditelle,1
commencé,1
fallu,1
finît,1
charités,1
Voilà,3
Enfin,1
remit,1
conçue,1
Frais,1
donner,4
bouillon,1
viande,1
Draguignan,1
enfants,4
trouvés,1
orphelins,2
Tel,1
budget,1
casuel,1
rachats,1
bans,1
dispenses,1
ondoiements,1
prédications,1
bénédictions,1
déglises,1
chapelles,1
mariages,1
etc,1
percevait,1
riches,3
dautant,1
dâpreté,1
donnait,2
Au,1
bout,3
offrandes,1
dargent,2
affluèrent,1
Ceux,2
ont,8
ceux,6
manquent,1
frappaient,1
porte,4
venant,1
chercher,6
laumône,2
venaient,1
déposer,1
devint,1
trésorier,1
bienfaits,1
caissier,1
détresses,1
considérables,1
passaient,2
mains,1
put,3
changeât,1
genre,1
ajoutât,1
moindre,1
superflu,1
Loin,1
Comme,5
misère,1
fraternité,1
haut,5
dêtre,3
reçu,1
leau,2
sèche,1
beau,1
recevoir,2
largent,1
nen,2
Alors,2
dépouillait,1
Lusage,1
étant,1
énoncent,1
leurs,5
noms,2
baptême,1
tête,1
mandements,1
choisi,1
dinstinct,1
affectueux,1
prénoms,1
celui,6
présentait,1
sens,2
lappelaient,1
ferons,1
eux,1
nommerons,1
loccasion,2
Du,2
appellation,1
plaisait,2
Jaime,1
nomlà,1
disaitil,3
corrige,1
prétendons,1
portrait,1
faisons,1
vraisemblable,1
bornons,1
ressemblant,1
III,1
dur,2
évêché,1
converti,1
aumônes,1
fatigant,1
plaines,1
vu,2
lheure,1
trentedeux,1
cures,1
quarante,1
vicariats,1
quatrevingtcinq,1
succursales,1
Visiter,1
allait,6
pied,1
voisinage,1
carriole,1
plaine,1
cacolet,1
montagne,2
laccompagnaient,1
trajet,1
pénible,1
arriva,2
ancienne,1
épiscopale,2
monté,1
âne,2
bourse,1
sec,1
permis,1
dautre,1
équipage,1
lévêché,1
regardait,2
descendre,1
scandalisés,1
Quelques,1
bourgeois,2
riaient,1
autour,3
messieurs,1
vois,1
scandalise,1
trouvez,1
lorgueil,1
pauvre,2
monter,1
monture,1
JésusChrist,2
lai,1
nécessité,1
assure,1
non,1
vanité,2
indulgent,2
doux,1
prêchait,1
causait,1
mettait,2
vertu,1
plateau,1
inaccessible,1
nallait,1
raisonnements,1
modèles,1
Aux,4
citait,2
lexemple,1
voisin,1
cantons,2
lon,1
nécessiteux,1
disait,8
Voyez,4
Briançon,1
indigents,3
veuves,1
droit,2
faucher,1
prairies,1
rebâtissent,1
gratuitement,1
maisons,2
ruines,1
Aussi,1
estce,1
béni,1
Dieu,8
Durant,1
meurtrier,1
villages,3
âpres,1
gain,1
moisson,2
Si,1
récolte,1
service,2
larmée,1
malade,3
empêché,1
recommande,1
prône,1
dimanche,1
messe,1
vont,3
champ,1
rapportent,1
paille,1
grain,1
grenier,1
divisées,1
questions,1
dhéritage,1
montagnards,1
Devoluy,1
si,3
sauvage,1
entend,1
rossignol,1
Eh,1
meurt,1
garçons,1
laissent,1
afin,2
puissent,1
trouver,1
maris,2
goût,1
procès,3
fermiers,1
ruinent,1
papier,1
timbré,1
bons,2
paysans,3
vallée,2
Queyras,3
âmes,2
Mon,2
république,1
connaît,1
ni,2
juge,2
lhuissier,1
répartit,1
limpôt,2
taxe,1
chacun,2
conscience,1
querelles,1
gratis,2
partage,1
patrimoines,1
honoraires,1
rend,1
sentences,1
obéit,1
juste,2
parmi,1
simples,2
maître,1
Savezvous,1
douze,1
feux,1
nourrir,1
magister,1
payés,1
parcourent,1
passant,1
huit,1
celuici,1
celuilà,1
enseignant,1
magisters,1
foires,2
ai,1
vus,1
reconnaît,1
plumes,3
écrire,1
portent,1
ganse,1
chapeau,1
nenseignent,1
lire,1
plume,1
enseignent,2
lecture,2
calcul,2
latin,1
Ceuxlà,1
savants,2
honte,1
ignorants,2
Faites,1
gravement,1
paternellement,1
défaut,1
dexemples,1
inventant,1
paraboles,1
allant,1
but,1
phrases,1
dimages,1
léloquence,1
convaincu,1
persuadant,1
IV,1
semblables,1
affable,1
gaie,1
portée,1
riait,1
rire,1
écolier,1
lappelait,1
volontiers,1
Votre,1
Grandeur,1
leva,1
fauteuil,1
bibliothèque,1
livre,2
rayons,1
den,1
atteindre,1
apportezmoi,1
grandeur,1
jusquà,1
planche,1
Une,4
parentes,1
éloignées,1
comtesse,1
Lô,2
rarement,1
échapper,1
dénumérer,1
présence,1
«les,1
espérances»,1
plusieurs,1
ascendants,1
proches,1
mort,5
naturellement,1
héritiers,1
jeune,2
recueillir,1
grandtante,1
bonnes,1
rentes,1
deuxième,1
substitué,1
duc,1
laîné,1
succéder,1
pairie,1
aïeul,1
écoutait,2
habituellement,1
innocents,1
pardonnables,1
étalages,1
maternels,1
pourtant,1
paraissait,1
rêveur,1
coutume,1
tandis,1
renouvelait,1
successions,1
«espérances»,1
sinterrompit,1
impatience,1
cousin,1
songezvous,1
songe,1
singulier,1
saint,2
Augustin,1
«Mettez,1
votre,1
espérance,1
auquel,1
succède,1
point»,1
autre,1
recevant,1
lettre,1
fairepart,1
décès,1
gentilhomme,1
sétalaient,1
page,1
outre,1
dignités,1
défunt,1
qualifications,1
féodales,1
nobiliaires,1
parents,1
dos,2
sécriatil,1
Quelle,1
admirable,2
titres,1
allègrement,1
aient,1
lesprit,1
employer,1
tombe,1
raillerie,1
contenait,1
sérieux,1
carême,1
vicaire,1
prêcha,1
cathédrale,3
éloquent,1
sujet,1
sermon,3
invita,1
déviter,1
lenfer,1
peignit,1
effroyable,1
gagner,1
paradis,2
désirable,1
charmant,1
lauditoire,1
riche,2
marchand,1
retiré,1
usurier,1
Géborand,3
demimillion,1
fabriquer,1
gros,2
draps,1
serges,1
cadis,1
gasquets,1
De,1
malheureux,3
partir,1
remarqua,1
dimanches,1
sou,2
mendiantes,1
portail,1
Elles,1
partager,1
vit,1
faisant,1
sourire,1
achète,1
sagissait,1
rebutait,1
devant,1
refus,1
alors,1
faisaient,1
réfléchir,1
quêtait,1
salon,2
marquis,3
Champtercier,1
avare,1
ensemble,1
ultraroyaliste,1
ultravoltairien,1
variété,1
existé,1
toucha,1
bras,1
donniez,1
répondit,1
sèchement,1
mes,2
Donnezlesmoi,1
«Mes,1
très,1
chers,1
frères,3
amis,1
treize,1
nont,4
ouvertures,2
dixsept,1
fenêtre,1
enfin,1
quarantesix,1
cabanes,1
ouverture,1
appelle,1
portes,1
fenêtres,1
Mettezmoi,1
petits,1
logislà,1
voyez,2
fièvres,1
maladies,1
Hélas,1
donne,1
loi,3
vend,1
naccuse,1
bénis,1
lIsère,1
Var,1
Alpes,2
hautes,1
basses,2
brouettes,1
transportent,1
engrais,1
dhommes,1
chandelles,1
brûlent,1
bâtons,1
résineux,1
bouts,1
corde,1
trempés,1
poix,1
résine,1
Dauphiné,2
pain,2
mois,1
cuire,1
bouse,1
vache,1
séchée,1
Lhiver,1
cassent,1
hache,1
tremper,1
vingtquatre,1
heures,1
pouvoir,1
mangerMes,1
ayez,1
pitié,1
souffre,1
vous»,1
Né,1
provençal,1
facilement,1
familiarisé,1
patois,1
«Eh,1
bé,1
moussu,1
sès,1
sagé»,1
Languedoc,1
«Onté,1
anaras,1
passa»,1
«Puerte,1
bouen,2
moutou,1
embe,1
froumage,1
grase»,1
Ceci,2
peuple,4
contribué,1
accès,1
esprits,1
chaumière,1
grandes,1
idiomes,1
vulgaires,1
Parlant,1
langues,1
entrait,1
condamnait,1
hâtivement,1
tenir,1
circonstances,1
environnantes,1
Voyons,1
chemin,1
faute,4
passé,1
Étant,1
qualifiait,1
souriant,3
expécheur,1
aucun,1
escarpements,1
rigorisme,1
professait,1
froncement,1
sourcil,1
vertueux,1
féroces,1
doctrine,1
résumer,1
«Lhomme,1
chair,1
fardeau,1
tentation,1
traîne,1
cède,1
«Il,1
surveiller,1
contenir,1
réprimer,1
obéir,1
dernière,1
extrémité,1
obéissancelà,1
vénielle,1
genoux,1
sachever,1
prière,1
«Être,1
lexception,1
règle,1
Errez,1
défaillez,1
péchez,1
soyez,1
justes,1
«Le,1
péché,6
possible,1
Pas,1
rêve,1
terrestre,1
soumis,1
gravitation»,1
voyait,2
sindigner,1
vite,1
oh,1
apparence,1
ceci,1
crime,1
commet,2
hypocrisies,1
effarées,1
dépêchent,1
protester,1
couvert,1
pèse,1
poids,1
humaine,1
fautes,1
serviteurs,1
faibles,1
forts,1
ignorent,1
enseignezleur,1
pourrez,1
coupable,2
linstruction,1
répond,1
nuit,2
produit,1
pleine,1
lombre,1
étrange,1
juger,2
soupçonne,1
pris,1
lévangile,1
entendit,1
conter,1
criminel,1
instruisait,1
misérable,2
amour,1
lenfant,1
delle,1
ressources,1
fausse,3
monnaie,2
punie,1
époque,1
arrêtée,1
émettant,1
pièce,1
fabriquée,1
tenait,1
preuves,1
pouvait,1
charger,1
amant,2
perdre,1
avouant,1
nia,1
insista,1
sobstina,1
nier,1
Sur,1
procureur,2
idée,1
supposé,1
infidélité,1
lamant,1
parvenu,1
fragments,1
savamment,1
présentés,1
persuader,1
malheureuse,1
rivale,1
trompait,1
exaspérée,1
jalousie,2
dénoncé,1
avoué,1
prouvé,1
Lhomme,1
perdu,1
prochainement,1
jugé,1
Aix,1
complice,1
racontait,1
sextasiait,1
lhabileté,1
magistrat,1
mettant,1
jeu,1
jaillir,1
vérité,1
colère,1
sortir,1
justice,1
vengeance,1
Où,1
jugeraton,2
dassises,1
aventure,1
tragique,1
condamné,4
meurtre,1
lettré,1
ignorant,2
bateleur,1
écrivain,1
public,1
veille,2
fixé,1
lexécution,1
laumônier,1
prison,2
tomba,1
fallait,1
assister,1
patient,2
derniers,1
moments,1
paraît,1
refusa,1
disant,1
nai,1
corvée,1
saltimbanque,1
aussi,2
dailleurs,1
rapporta,1
réponse,1
mienne,1
surlechamp,1
descendit,1
cabanon,1
«saltimbanque»,1
lappela,1
prit,1
parla,1
passa,1
journée,1
oubliant,1
nourriture,1
sommeil,1
priant,2
lâme,1
sienne,1
meilleures,1
vérités,1
bénir,1
enseigna,1
rassurant,1
consolant,1
mourir,1
désespéré,1
abîme,1
Debout,1
frémissant,1
seuil,1
lugubre,1
reculait,1
horreur,1
absolument,1
indifférent,1
condamnation,1
secousse,1
rompu,1
çà,1
cloison,1
sépare,1
mystère,1
appelons,1
cesse,1
dehors,1
brèches,1
fatales,1
ténèbres,1
suivit,1
montra,1
foule,1
camail,1
violet,1
croix,1
cou,1
côte,2
lié,1
cordes,1
monta,2
charrette,1
léchafaud,2
morne,1
accablé,1
rayonnant,1
sentait,1
réconciliée,1
espérait,1
lembrassa,1
couteau,1
tomber,1
Celui,1
tue,1
ressuscite,1
chassent,1
retrouve,1
Père,2
Priez,1
croyez,1
entrez,1
redescendit,1
ranger,1
pâleur,1
sérénité,1
rentrant,1
humble,1
viens,1
dofficier,1
pontificalement,1
sublimes,1
comprises,1
eut,1
dirent,1
commentant,1
conduite,1
«Cest,1
laffectation»,1
quun,1
nentend,1
malice,1
actions,1
attendri,1
admira,1
guillotine,1
choc,1
remettre,1
